"DESCRIPTION","DURATION IN MS","NAME","PARENT SUITE","START TIME","STATUS","STOP TIME","SUB SUITE","SUITE","TEST CLASS","TEST METHOD"
"","1730","Cart number","firefox","2026-10-03","passed","2026-10-03","","inventory.spec.ts","",""
"","894","Login page test using Factory","webkit","2026-10-03","passed","2026-10-03","","login_factory.spec.ts","",""
"","622","Login page test using Factory","chromium","2026-10-03","passed","2026-10-03","","login_factory.spec.ts","",""
"","924","Checkout test","chromium","2026-10-03","passed","2026-10-03","","checkout.spec.ts","",""
"","545","Login test for standard_user","chromium","2026-10-03","passed","2026-10-03","","login_ddt.spec.ts","",""
"","563","Login test for locked_out_user","chromium","2026-10-03","passed","2026-10-03","","login_ddt.spec.ts","",""
"","857","Cart number","chromium","2026-10-03","passed","2026-10-03","","inventory.spec.ts","",""
"","818","Login test for","webkit","2026-10-03","passed","2026-10-03","","login_ddt.spec.ts","",""
"","568","Login test for","chromium","2026-10-03","passed","2026-10-03","","login_ddt.spec.ts","",""
"","759","Successful Login","firefox","2026-10-03","passed","2026-10-03","","login_pom.spec.ts","",""
"","699","Login page test using Factory","firefox","2026-10-03","passed","2026-10-03","","login_factory.spec.ts","",""
"","1806","Open and Close Modal window","chromium","2026-10-03","passed","2026-10-03","","popup.spec.ts","",""
"","738","Login test for standard_user","firefox","2026-10-03","passed","2026-10-03","","login_ddt.spec.ts","",""
"","849","Login test for standard_user","webkit","2026-10-03","passed","2026-10-03","","login_ddt.spec.ts","",""
"","1009","Successful Login","webkit","2026-10-03","passed","2026-10-03","","login_pom.spec.ts","",""
"","2148","Open and Close Modal window","firefox","2026-10-03","passed","2026-10-03","","popup.spec.ts","",""
"","4031","Cart number","webkit","2026-10-03","passed","2026-10-03","","inventory.spec.ts","",""
"","6887","Open and Close Modal window","webkit","2026-10-03","passed","2026-10-03","","popup.spec.ts","",""
"","4","Date check","firefox","2026-10-03","passed","2026-10-03","","date.spec.ts","",""
"","6","Date check","chromium","2026-10-03","passed","2026-10-03","","date.spec.ts","",""
"","4497","Checkout test","webkit","2026-10-03","passed","2026-10-03","","checkout.spec.ts","",""
"","490","Successful Login","chromium","2026-10-03","passed","2026-10-03","","login_pom.spec.ts","",""
"","671","Login test for","firefox","2026-10-03","passed","2026-10-03","","login_ddt.spec.ts","",""
"","875","Login test for locked_out_user","webkit","2026-10-03","passed","2026-10-03","","login_ddt.spec.ts","",""
"","699","Login test for locked_out_user","firefox","2026-10-03","passed","2026-10-03","","login_ddt.spec.ts","",""
"","1943","Checkout test","firefox","2026-10-03","passed","2026-10-03","","checkout.spec.ts","",""
"","6","Date check","webkit","2026-10-03","passed","2026-10-03","","date.spec.ts","",""
